{"cameraMode":{"drawMode":0,"name":"Shaded","section":"Shading Mode"},"sceneLighting":false,"audioPlay":false,"sceneViewState":{"m_AlwaysRefresh":false,"showFog":true,"showSkybox":false,"showFlares":true,"showImageEffects":true,"showParticleSystems":true,"showVisualEffectGraphs":true,"m_FxEnabled":true},"in2DMode":false,"pivot":{"x":6.825699806213379,"y":5.001797676086426,"z":0.8161381483078003},"rotation":{"x":0.02819865196943283,"y":-0.9615374803543091,"z":0.10804574191570282,"w":0.25095272064208987},"size":1.344910979270935,"orthographic":true}