{"cameraMode":{"drawMode":0,"name":"Shaded","section":"Shading Mode"},"sceneLighting":false,"audioPlay":false,"sceneViewState":{"m_AlwaysRefresh":false,"showFog":true,"showSkybox":false,"showFlares":true,"showImageEffects":true,"showParticleSystems":true,"showVisualEffectGraphs":true,"m_FxEnabled":true},"in2DMode":false,"pivot":{"x":1.2292282581329346,"y":-12.485682487487793,"z":28.25448989868164},"rotation":{"x":-0.40099507570266726,"y":-0.028303056955337526,"z":0.012397106736898423,"w":-0.9155664443969727},"size":10.781898498535157,"orthographic":false}