{"cameraMode":{"drawMode":0,"name":"Shaded","section":"Shading Mode"},"sceneLighting":false,"audioPlay":false,"sceneViewState":{"m_AlwaysRefresh":false,"showFog":true,"showSkybox":false,"showFlares":true,"showImageEffects":true,"showParticleSystems":true,"showVisualEffectGraphs":true,"m_FxEnabled":true},"in2DMode":false,"pivot":{"x":0.3391874432563782,"y":-0.22411680221557618,"z":0.9768550395965576},"rotation":{"x":-0.30466049909591677,"y":0.08329644799232483,"z":-0.026749419048428537,"w":-0.9484469890594482},"size":5.468788146972656,"orthographic":false}